D (mm),t  (mm),f_y (MPa),f_c (MPa),L (mm),e_t (mm),P_exp (kN)
114.43,3.98,343.0,31.4,300.0,0.0,948.0
114.57,3.99,343.0,93.6,300.0,0.0,1308.0
114.43,3.82,343.0,34.7,300.0,0.0,929.0
114.26,3.93,343.0,97.2,300.0,0.0,1359.0
114.88,4.91,365.0,34.7,300.5,0.0,1380.0
115.04,4.92,365.0,104.9,300.0,0.0,1787.0
115.02,5.02,365.0,57.6,300.5,0.0,1413.0
114.49,3.75,343.0,57.6,299.3,0.0,1038.0
114.29,3.75,343.0,57.6,300.0,0.0,1067.0
114.3,3.85,343.0,31.9,300.0,0.0,998.0
114.09,3.85,343.0,31.9,300.5,0.0,948.0
114.54,3.84,343.0,98.9,300.0,0.0,1359.0
114.37,3.85,343.0,98.9,299.5,0.0,1182.0
165.0,2.82,363.3,48.3,580.5,0.0,1662.0
190.0,1.94,256.4,41.0,663.5,0.0,1678.0
190.0,1.52,306.1,48.3,664.5,0.0,1695.0
190.0,1.13,185.7,41.0,664.5,0.0,1377.0
190.0,0.86,210.7,41.0,659.0,0.0,1350.0
165.0,2.82,363.3,80.2,580.5,0.0,2295.0
190.0,1.94,256.4,74.7,663.5,0.0,2592.0
190.0,1.52,306.1,80.2,663.5,0.0,2602.0
190.0,1.13,185.7,80.2,662.5,0.0,2295.0
190.0,0.86,210.7,74.7,663.5,0.0,2451.0
149.0,2.96,308.0,25.4,223.5,0.0,941.0
149.0,2.96,308.0,40.5,223.5,0.0,1064.0
149.0,2.96,308.0,40.5,223.5,0.0,1080.0
149.0,2.96,308.0,77.0,223.5,0.0,1781.0
301.0,2.96,279.0,25.4,322.6,0.0,2382.0
300.0,2.96,279.0,41.1,322.6,0.0,3277.0
300.0,2.96,279.0,41.1,322.6,0.0,3152.0
301.0,2.96,279.0,80.3,322.6,0.0,5540.0
450.0,2.96,279.0,25.4,485.1,0.0,4415.0
450.0,2.96,279.0,41.1,485.1,0.0,6870.0
450.0,2.96,279.0,41.1,485.1,0.0,6985.0
450.0,2.96,279.0,85.1,485.1,0.0,11665.0
122.0,4.54,576.0,25.4,215.9,0.0,1509.0
122.0,4.54,576.0,40.5,215.9,0.0,1657.0
122.0,4.54,576.0,40.5,215.9,0.0,1663.0
122.0,4.54,576.0,77.0,215.9,0.0,2100.0
239.0,4.54,507.0,25.4,315.0,0.0,3035.0
238.0,4.54,507.0,40.5,315.0,0.0,3583.0
238.0,4.54,507.0,40.5,315.0,0.0,3647.0
238.0,4.54,507.0,77.0,315.0,0.0,5578.0
361.0,4.54,525.0,25.4,477.5,0.0,5633.0
361.0,4.54,525.0,41.1,477.5,0.0,7260.0
360.0,4.54,525.0,41.1,477.5,0.0,7045.0
360.0,4.54,525.0,85.1,477.5,0.0,11505.0
108.0,6.47,853.0,25.4,180.3,0.0,2275.0
109.0,6.47,853.0,40.5,180.3,0.0,2446.0
108.0,6.47,853.0,40.5,180.3,0.0,2402.0
108.0,6.47,853.0,77.0,180.3,0.0,2713.0
222.0,6.47,843.0,25.4,261.6,0.0,4964.0
222.0,6.47,843.0,40.5,261.6,0.0,5638.0
222.0,6.47,843.0,40.5,261.6,0.0,5714.0
222.0,6.47,843.0,77.0,261.6,0.0,7304.0
337.0,6.47,823.0,25.4,396.2,0.0,8475.0
337.0,6.47,823.0,41.1,396.2,0.0,9668.0
337.0,6.47,823.0,41.1,396.2,0.0,9835.0
337.0,6.47,823.0,85.1,396.2,0.0,13776.0
160.1,4.98,280.0,40.0,2000.0,0.0,1261.0
160.2,4.96,281.0,41.0,2500.0,0.0,1244.0
160.3,5.0,270.0,43.0,3000.0,0.0,1236.0
160.2,4.97,273.0,41.0,3500.0,0.0,1193.0
159.9,4.98,281.0,45.0,4000.0,0.0,1091.0
159.8,5.01,283.0,70.0,2000.0,0.0,1650.0
159.7,5.2,281.0,71.0,2500.0,0.0,1562.0
159.8,5.1,276.0,73.0,3000.0,0.0,1468.0
160.1,4.98,276.0,74.0,3500.0,0.0,1326.0
160.2,5.02,281.0,71.0,4000.0,0.0,1231.0
160.3,5.03,281.0,99.0,2000.0,0.0,2000.0
159.8,5.01,275.0,100.0,2500.0,0.0,1818.0
159.7,4.97,275.0,101.0,3000.0,0.0,1636.0
159.6,4.98,270.0,106.0,3500.0,0.0,1454.0
159.8,4.97,270.0,102.0,4000.0,0.0,1333.0
168.0,5.0,365.0,36.4,330.0,0.0,1908.0
168.0,8.0,365.0,44.0,330.0,0.0,2810.0
168.0,5.0,365.0,106.8,330.0,0.0,2926.0
168.0,8.0,365.0,94.0,330.0,0.0,3101.0
159.0,6.0,394.0,37.7,2135.0,0.0,1535.0
159.0,6.0,457.0,120.1,2135.0,0.0,2792.0
159.0,6.0,487.0,116.0,2135.0,0.0,2193.0
100.0,3.0,303.5,58.5,300.0,0.0,708.0
100.0,3.0,303.5,58.5,300.0,0.0,820.0
100.0,3.0,303.5,58.5,300.0,0.0,766.0
100.0,3.0,303.5,58.5,300.0,0.0,820.0
100.0,3.0,303.5,58.5,300.0,0.0,780.0
100.0,3.0,303.5,58.5,300.0,0.0,814.0
200.0,3.0,303.5,58.5,600.0,0.0,2320.0
200.0,3.0,303.5,58.5,600.0,0.0,2330.0
200.0,3.0,303.5,58.5,600.0,0.0,2160.0
200.0,3.0,303.5,58.5,600.0,0.0,2160.0
200.0,3.0,303.5,58.5,600.0,0.0,2383.0
200.0,3.0,303.5,58.5,600.0,0.0,2256.0
200.0,3.0,303.5,58.5,2000.0,0.0,1830.0
200.0,3.0,303.5,58.5,2000.0,0.0,1806.0
200.0,3.0,303.5,58.5,2000.0,0.0,1882.0
200.0,3.0,303.5,58.5,2000.0,0.0,2060.0
200.0,3.0,303.5,58.5,2000.0,0.0,2115.0
114.85,3.0,354.05,40.3,1000.0,0.0,806.4
114.85,3.0,354.05,40.3,1500.0,0.0,688.2
114.85,3.0,354.05,40.3,2000.0,0.0,632.2
114.85,3.0,354.05,40.3,2500.0,0.0,566.1
127.3,3.0,345.2,40.3,1000.0,0.0,912.1
127.3,3.0,345.2,40.3,1500.0,0.0,848.5
127.3,3.0,345.2,40.3,2000.0,0.0,715.8
127.3,3.0,345.2,40.3,2500.0,0.0,638.8
139.2,3.0,361.95,40.3,1000.0,0.0,1059.8
139.2,3.0,361.95,40.3,1500.0,0.0,941.9
139.2,3.0,361.95,40.3,2000.0,0.0,868.3
139.2,3.0,361.95,40.3,2500.0,0.0,750.7
152.4,3.0,488.2,30.9,1000.0,0.0,1463.3
152.4,3.0,488.2,30.9,1500.0,0.0,1209.1
152.4,3.0,488.2,30.9,2000.0,0.0,1167.3
152.4,3.0,394.3,30.9,2500.0,0.0,968.9
165.1,3.0,438.2,30.9,1000.0,0.0,1549.5
165.1,3.0,438.2,30.9,1500.0,0.0,1338.0
165.1,3.0,438.2,30.9,2000.0,0.0,1234.5
165.1,3.0,430.3,30.9,2500.0,0.0,1232.0
193.7,3.0,398.8,30.9,1000.0,0.0,1999.6
193.7,3.5,398.8,30.9,1500.0,0.0,1817.1
193.7,3.5,398.8,30.9,2000.0,0.0,1796.3
193.7,3.5,392.2,30.9,2500.0,0.0,1620.8
190.0,1.11,203.1,110.3,662.0,0.0,3030.0
190.0,1.11,203.1,110.3,656.0,0.0,2940.0
190.0,1.11,203.1,110.3,662.0,0.0,3140.0
190.0,1.11,203.1,94.7,662.0,0.0,2462.0
190.0,1.11,203.1,110.3,664.0,0.0,3055.0
190.0,1.11,203.1,110.3,660.0,0.0,3000.0
219.0,4.78,350.0,41.915,650.0,0.0,3400.0
219.0,4.72,350.0,40.4,650.0,0.0,3350.0
219.0,4.75,350.0,34.08,650.0,0.0,3150.0
219.0,4.73,350.0,34.08,650.0,0.0,3150.0
165.0,2.73,350.0,40.4,510.0,0.0,2080.0
165.0,2.81,350.0,61.76,500.0,0.0,2160.0
165.0,2.81,350.0,61.76,500.0,0.0,2095.0
165.0,2.76,350.0,61.76,500.0,0.0,2250.0
165.0,2.72,350.0,45.6,510.0,0.0,1750.0
165.0,2.75,350.0,37.04,510.0,0.0,1560.0
101.7016,3.0734,604.6664,34.1055,203.2762,0.0,1112.0
101.7016,3.0734,604.6664,31.1428,203.2508,0.0,1067.52
120.8278,4.064,451.295,34.3811,241.3254,0.0,1200.96
120.8024,4.0894,451.295,29.5581,241.3508,0.0,1200.96
120.8278,4.0894,451.295,25.9064,241.3508,0.0,1112.0
152.6286,3.175,414.8469,20.8767,304.8,0.0,1200.96
152.6032,3.1496,414.8469,23.0815,304.927,0.0,1200.96
152.5778,4.9276,632.9843,41.9601,304.9016,0.0,2908.992
152.5524,4.9022,632.9843,43.407,304.8762,0.0,2913.44
76.4286,1.7018,363.0341,24.9418,152.3492,0.0,355.84
76.454,1.6764,363.0341,40.8577,152.3492,0.0,434.5696
76.4286,1.7018,363.0341,25.9064,152.3746,0.0,372.2976
168.656,2.6416,297.648,17.914,304.8,0.0,1325.504
168.656,2.6416,297.648,34.1055,304.8,0.0,1218.752
169.164,2.6162,316.94,36.517,304.8,0.0,1307.712
169.164,2.6162,316.94,33.5543,304.8,0.0,1329.952
168.148,3.6068,221.169,26.5954,304.8,0.0,1556.8
168.148,3.6068,221.169,32.7275,304.8,0.0,1432.256
168.148,3.6068,221.169,32.7275,304.8,0.0,1463.392
168.656,5.0038,260.442,32.8653,304.8,0.0,1966.016
168.656,5.0038,260.442,32.8653,304.8,0.0,1970.464
168.656,5.0038,260.442,27.4222,304.8,0.0,1983.808
168.656,5.0038,260.442,27.4222,304.8,0.0,1983.808
355.6,11.176,354.835,38.0328,1879.6,0.0,11458.5632
355.6,11.176,354.835,32.7964,1879.6,0.0,10711.2656
355.6,4.7244,276.289,20.9456,1879.6,0.0,3517.19174
355.6,7.9756,354.835,23.426,2082.8,0.0,7432.9422
127.2794,1.6256,370.3375,66.144,711.2,0.0,1285.5298
127.2794,1.6256,328.653,66.144,711.2,0.0,1285.5298
127.0508,2.9464,370.3375,66.144,711.2,0.0,1305.5467
127.0508,2.9464,328.653,66.144,711.2,0.0,1305.5467
140.0556,9.6774,265.265,27.56,406.4,0.0,2949.1566
140.0556,9.6774,268.71,27.9734,406.4,0.0,2949.1566
140.3858,4.9276,288.691,32.6586,406.4,0.0,1823.762
140.3858,4.9276,297.648,32.6586,406.4,0.0,1823.762
168.1734,4.5212,297.648,31.4184,812.8,0.0,2006.1382
168.3512,4.5212,297.648,43.1314,812.8,0.0,2232.9964
168.1734,4.5212,297.648,43.1314,812.8,0.0,2112.895
168.3004,4.4704,297.648,23.0126,812.8,0.0,1743.6944
178.0,9.0,283.23529411765,22.156862745098,360.0,0.0,2923.38
178.0,9.0,283.23529411765,22.156862745098,360.0,0.0,2854.71
178.0,9.0,283.23529411765,45.392156862745,360.0,0.0,3217.68
178.0,9.0,283.23529411765,45.392156862745,360.0,0.0,3178.44
179.0,5.5,248.43137254902,22.156862745098,360.0,0.0,1814.85
179.0,5.5,248.43137254902,23.921568627451,360.0,0.0,1814.85
179.0,5.5,248.43137254902,43.627450980392,360.0,0.0,2040.48
179.0,5.5,248.43137254902,43.627450980392,360.0,0.0,2030.67
174.0,3.0,265.88235294118,23.921568627451,360.0,0.0,1314.54
174.0,3.0,265.88235294118,23.921568627451,360.0,0.0,1304.73
174.0,3.0,265.88235294118,45.686274509804,360.0,0.0,1608.84
174.0,3.0,265.88235294118,45.686274509804,360.0,0.0,1677.51
159.0,5.07,391.5,41.5,477.0,0.0,2230.0
630.0,7.0,291.4,36.0,1890.0,0.0,16650.0
630.0,7.61,349.5,35.0,1890.0,0.0,18000.0
630.0,8.44,350.0,34.5,1890.0,0.0,18600.0
630.0,10.21,323.3,38.4,1890.0,0.0,20500.0
630.0,11.6,347.2,46.0,1890.0,0.0,24400.0
720.0,8.3,312.0,15.0,2160.0,0.0,15000.0
820.0,8.93,331.0,45.0,2460.0,0.0,33600.0
1020.0,9.64,336.0,16.9,3060.0,0.0,30000.0
1020.0,13.25,368.7,28.9,3060.0,0.0,46000.0
114.3,3.175,413.4,28.938,914.4,0.0,711.712
114.3,3.175,413.4,28.938,914.4,0.0,756.194
152.4,1.5494,330.72,21.0145,914.4,0.0,682.35388
152.4,1.5494,330.72,25.8375,914.4,0.0,721.49804
152.4,1.5494,330.72,25.8375,914.4,0.0,733.06336
127.0,2.413,330.72,35.139,914.4,0.0,627.1962
127.0,2.413,330.72,35.139,914.4,0.0,622.748
127.0,2.413,330.72,35.139,914.4,0.0,658.3336
168.656,2.6416,297.648,17.914,1828.8,0.0,822.88
168.656,2.6416,297.648,34.1055,1828.8,0.0,916.288
169.164,2.6162,316.94,36.517,1828.8,0.0,756.16
169.164,2.6162,316.94,33.5543,1828.8,0.0,689.44
168.148,3.6068,221.169,26.5954,2133.6,0.0,947.424
168.148,3.6068,221.169,32.7275,2133.6,0.0,1049.728
168.656,5.0038,260.442,32.8653,2133.6,0.0,1129.792
168.656,5.0038,260.442,27.4222,2133.6,0.0,1165.376
101.6762,3.0734,604.6664,34.1055,1524.0,0.0,818.432
101.727,3.0988,604.6664,31.1428,1524.0,0.0,800.64
120.65,4.0894,451.295,34.3811,1050.036,0.0,1156.48
120.8278,4.0894,451.295,29.5581,1050.036,0.0,1092.6512
120.8278,4.0894,451.295,25.9064,1050.036,0.0,949.648
152.6032,3.1496,414.8469,20.8767,1676.4,0.0,938.528
152.7048,3.1496,414.8469,23.0815,1676.4,0.0,880.704
76.4794,1.7018,363.0341,24.9418,1524.0,0.0,244.64
76.4286,1.7272,363.0341,40.8577,609.5492,0.0,411.44
76.4794,1.7272,363.0341,25.9064,609.4476,0.0,330.264
88.9,5.842,399.62,39.99645,1727.2,0.0,614.7136
88.9,5.842,399.62,39.58305,1422.4,0.0,711.68
88.9,5.842,399.62,38.9285,1117.6,0.0,715.2384
88.9,5.842,399.62,41.7534,812.8,0.0,918.512
88.9,5.842,399.62,40.82325,508.0,0.0,991.904
82.55,1.397,482.3,41.30555,1727.2,0.0,224.624
82.55,1.397,482.3,36.96485,1422.4,0.0,294.4576
82.55,1.397,482.3,40.82325,1117.6,0.0,355.84
82.55,1.397,482.3,40.82325,812.8,0.0,400.32
82.55,1.397,482.3,40.82325,508.0,0.0,489.28
82.55,1.397,482.3,40.82325,254.0,0.0,530.2016
191.0,6.0,504.0,56.0,1151.0,0.0,3062.0
191.0,6.0,504.0,56.0,2301.0,0.0,2611.0
191.0,6.0,504.0,56.0,3449.0,0.0,2059.0
191.0,6.0,504.0,48.0,1151.0,0.0,3148.0
267.0,6.0,504.0,48.0,3449.0,0.0,2133.0
267.0,7.0,460.0,56.0,1600.0,0.0,5181.0
267.0,7.0,460.0,56.0,3200.0,0.0,4533.0
267.0,7.0,460.0,56.0,4801.0,0.0,3625.0
267.0,7.0,460.0,48.0,1600.0,0.0,5187.0
267.0,7.0,460.0,48.0,4801.0,0.0,3903.0
218.25,6.05,301.96078431373,39.313725490196,4365.0,0.0,1716.75
218.25,6.45,301.96078431373,42.156862745098,3285.0,0.0,2065.005
218.25,6.3,301.96078431373,37.058823529412,2204.0,0.0,2413.26
218.25,6.5,301.96078431373,37.058823529412,943.0,0.0,2756.61
218.5,6.375,301.96078431373,37.058823529412,941.5,0.0,2746.8
219.25,6.05,301.96078431373,37.058823529412,941.5,0.0,2805.66
95.0,3.8,281.37254901961,39.313725490196,4318.0,0.0,202.086
95.25,3.7,281.37254901961,39.313725490196,4320.0,0.0,154.998
95.5,3.625,281.37254901961,39.313725490196,4320.0,0.0,140.283
95.25,3.775,281.37254901961,42.156862745098,2844.0,0.0,279.585
95.25,3.7,281.37254901961,42.156862745098,2844.0,0.0,281.547
95.5,3.825,281.37254901961,42.156862745098,2844.0,0.0,291.357
95.5,3.725,281.37254901961,37.058823529412,1942.5,0.0,362.97
95.25,3.775,281.37254901961,37.058823529412,1942.0,0.0,407.115
95.25,3.775,281.37254901961,37.058823529412,1943.25,0.0,407.115
95.5,3.75,281.37254901961,42.156862745098,1469.0,0.0,444.393
95.25,3.725,281.37254901961,42.156862745098,1466.75,0.0,441.45
95.0,3.7,281.37254901961,42.156862745098,1468.0,0.0,495.405
95.5,3.7,281.37254901961,42.156862745098,997.5,0.0,524.835
95.25,3.55,281.37254901961,42.156862745098,992.0,0.0,507.177
95.25,3.675,281.37254901961,42.156862745098,995.0,0.0,534.645
95.25,3.725,281.37254901961,42.156862745098,504.0,0.0,637.65
95.5,3.75,281.37254901961,42.156862745098,503.75,0.0,632.745
95.5,3.725,281.37254901961,42.156862745098,505.0,0.0,667.08
406.0,5.0,356.0,35.0,1590.0,0.0,7549.0
406.0,5.0,356.0,38.0,1621.0,0.0,7549.0
406.0,5.0,356.0,35.0,1194.0,0.0,7695.0
406.0,5.0,356.0,36.0,1209.0,0.0,7450.0
356.0,8.1,321.0,28.0,1504.0,0.0,7059.0
356.0,8.2,321.0,28.0,1499.0,0.0,6813.0
356.0,7.7,321.0,28.0,1496.0,0.0,7186.0
275.0,9.0,626.0,28.0,1430.0,0.0,8186.0
275.0,9.0,626.0,28.0,1425.0,0.0,8137.0
275.0,9.0,626.0,28.0,1440.0,0.0,8382.0
275.0,9.0,626.0,28.0,1440.0,0.0,8039.0
275.0,9.0,626.0,28.0,1488.0,0.0,8333.0
275.0,9.0,626.0,28.0,1491.0,0.0,8235.0
108.0,4.5,410.0,26.0,4161.0,0.0,342.0
108.0,4.5,410.0,26.0,4161.0,0.0,292.0
108.0,4.5,410.0,39.0,4161.0,0.0,298.0
108.0,4.5,410.0,39.0,4161.0,0.0,280.0
108.0,4.5,410.0,39.0,4026.0,0.0,318.0
108.0,4.5,410.0,39.0,4026.0,0.0,320.0
108.0,4.5,410.0,26.0,3810.0,0.0,350.0
108.0,4.5,410.0,26.0,3810.0,0.0,370.0
108.0,4.5,410.0,26.0,3513.0,0.0,400.0
108.0,4.5,410.0,26.0,3513.0,0.0,390.0
108.0,4.5,410.0,39.0,3513.0,0.0,440.0
94.996,12.4968,274.4287,20.2566,1420.114,0.0,947.02178
94.996,12.7508,272.4306,20.2566,1420.114,0.0,937.68056
94.996,12.3952,272.4306,20.2566,1420.114,0.0,906.98798
94.996,12.5984,274.4287,20.2566,860.044,0.0,1017.74816
94.996,12.7,272.4306,20.2566,860.044,0.0,1007.96212
94.996,12.7,272.4306,20.2566,860.044,0.0,1033.76168
94.996,12.8016,278.2871,20.2566,1979.93,0.0,886.52626
94.996,12.4968,275.3933,20.2566,1979.93,0.0,906.98798
94.996,12.5984,279.3206,20.2566,1979.93,0.0,916.77402
94.996,3.6576,326.3104,24.9418,860.044,0.0,656.1095
94.996,3.683,386.1156,24.9418,860.044,0.0,686.35726
94.996,3.4036,335.1296,24.9418,860.044,0.0,656.1095
94.996,3.8608,326.3104,24.9418,1420.114,0.0,566.70068
94.996,3.9116,386.1156,24.9418,1420.114,0.0,605.84484
94.996,3.5814,335.1296,24.9418,1420.114,0.0,575.59708
94.996,3.7592,326.3104,24.9418,1979.93,0.0,536.45292
94.996,3.7846,386.1156,24.9418,1979.93,0.0,565.81104
94.996,3.5052,335.1296,24.9418,1979.93,0.0,487.52272
216.0016,4.064,284.2125,24.9418,2219.96,0.0,1023.086
216.0016,4.1148,298.8882,22.8748,2219.96,0.0,1834.43768
216.0016,4.0386,288.1398,29.7648,2219.96,0.0,2289.04372
216.0016,4.1148,286.1417,29.7648,2219.96,0.0,2238.77906
216.0016,6.0452,389.0783,22.8748,2219.96,0.0,2461.63388
216.0016,5.969,393.0056,22.8748,2219.96,0.0,2421.15526
216.0016,6.5024,294.9609,29.7648,2219.96,0.0,2803.70046
216.0016,6.2992,404.7186,29.7648,2219.96,0.0,2932.25344
94.996,3.8608,332.1669,24.0461,1979.93,0.0,498.1984
94.996,3.4036,337.1277,24.0461,1979.93,0.0,472.84366
94.996,3.5814,354.7661,24.0461,1979.93,0.0,472.84366
94.996,3.7338,326.3104,24.0461,1979.93,0.0,412.837442
121.0056,3.6576,294.9609,21.0834,1050.036,0.0,695.25366
121.0056,3.7338,327.3439,21.0834,1050.036,0.0,746.40796
121.0056,3.7592,307.7074,24.1839,1050.036,0.0,836.70642
121.0056,3.9878,326.3104,24.1839,1050.036,0.0,866.95418
121.0056,5.6134,343.9488,21.0834,1050.036,0.0,998.17608
121.0056,5.4102,342.9842,21.0834,1050.036,0.0,1017.74816
121.0056,5.461,330.2377,24.1839,1050.036,0.0,1099.15022
121.0056,5.5626,321.4185,24.1839,1050.036,0.0,1078.6885
121.0056,3.7084,294.9609,21.0834,2310.13,0.0,640.5408
121.0056,3.7592,327.3439,21.0834,2310.13,0.0,629.4203
121.0056,3.7084,307.7074,24.1839,2310.13,0.0,695.25366
121.0056,3.8608,326.3104,24.1839,2310.13,0.0,755.30436
121.0056,5.6896,343.9488,21.0834,2310.13,0.0,786.44176
121.0056,5.4864,342.9842,21.0834,2310.13,0.0,815.79988
121.0056,5.6388,330.2377,24.1839,2310.13,0.0,873.62648
121.0056,5.4356,321.4185,24.1839,2310.13,0.0,865.1749
25.4,0.889,523.64,23.6327,1524.0,0.0,17.214534
25.4,0.889,523.64,23.6327,1524.0,0.0,14.856988
25.4,0.889,523.64,23.6327,1524.0,0.0,14.412168
25.4,0.889,523.64,27.80115,1524.0,0.0,15.746628
25.4,0.889,523.64,27.80115,1524.0,0.0,15.524218
38.1,2.7686,523.64,17.914,1524.0,0.0,107.64644
38.1,2.7686,523.64,17.914,1524.0,0.0,120.99104
38.1,2.7686,523.64,17.914,1524.0,0.0,106.7568
38.1,2.7686,523.64,27.80115,1524.0,0.0,112.98428
38.1,2.7686,523.64,27.80115,1524.0,0.0,106.7568
50.8,1.651,523.64,21.2901,1524.0,0.0,115.20838
50.8,1.651,523.64,21.2901,1524.0,0.0,114.31874
50.8,1.651,523.64,27.8356,1524.0,0.0,120.54622
69.85,1.2446,523.64,27.8356,1524.0,0.0,230.86158
76.2,1.651,523.64,20.7389,1524.0,0.0,226.41338
76.2,1.651,523.64,20.7389,1524.0,0.0,245.09582
76.2,1.651,523.64,27.2155,1524.0,0.0,320.2704
76.454,1.7018,363.0341,33.2787,152.4,0.0,433.2352
76.454,1.7272,363.0341,33.2787,152.4762,0.0,434.5696
108.0,4.0,327.25490196078,48.039215686275,540.0,0.0,853.0
104.0,2.0,344.11764705882,39.901960784314,524.0,0.0,551.0
105.0,2.5,344.11764705882,43.529411764706,530.0,0.0,625.0
106.0,3.0,344.11764705882,40.882352941176,536.0,0.0,688.0
107.0,3.5,379.90196078431,39.019607843137,542.0,0.0,852.0
107.0,4.0,379.90196078431,38.43137254902,542.0,0.0,907.0
108.0,4.5,344.11764705882,40.882352941176,548.0,0.0,936.0
108.0,5.0,379.90196078431,40.882352941176,548.0,0.0,1106.0
200.0,2.0,237.25490196078,30.294117647059,980.0,0.0,1440.0
210.0,2.5,237.25490196078,33.529411764706,1040.0,0.0,1640.0
210.0,3.0,233.33333333333,33.529411764706,1040.0,0.0,1740.0
180.0,3.0,233.33333333333,30.294117647059,860.0,0.0,1380.0
104.0,2.0,344.11764705882,39.901960784314,524.0,0.0,551.0
105.0,2.5,344.11764705882,43.529411764706,530.0,0.0,625.0
106.0,3.0,344.11764705882,40.882352941176,536.0,0.0,670.0
107.0,3.5,379.90196078431,39.019607843137,542.0,0.0,852.0
107.0,4.0,330.88235294118,38.43137254902,542.0,0.0,907.0
108.0,4.5,344.11764705882,40.882352941176,518.0,0.0,830.0
108.0,5.0,379.90196078431,40.882352941176,548.0,0.0,1108.0
108.0,4.0,332.1568627451,48.039215686275,324.0,0.0,990.0
108.0,4.0,332.1568627451,48.039215686275,540.0,0.0,853.0
100.0,2.5,244.11764705882,42.549019607843,300.0,0.0,684.0
100.0,2.0,236.27450980392,42.549019607843,300.0,0.0,548.0
100.0,1.5,232.35294117647,42.549019607843,300.0,0.0,515.0
166.0,5.0,288.23529411765,63.725490196078,1040.0,0.0,1900.0
166.0,5.0,288.23529411765,52.941176470588,1040.0,0.0,1800.0
166.0,5.0,288.23529411765,33.137254901961,1040.0,0.0,1400.0
166.0,5.0,288.23529411765,36.56862745098,1040.0,0.0,1526.0
166.0,5.0,288.23529411765,28.823529411765,1040.0,0.0,1420.0
166.0,5.0,288.23529411765,53.137254901961,1040.0,0.0,1730.0
166.0,5.0,288.23529411765,65.196078431373,1040.0,0.0,1890.0
166.0,5.0,288.23529411765,46.078431372549,1040.0,0.0,1660.0
108.0,4.5,409.80392156863,34.019607843137,240.0,0.0,1270.0
108.0,4.5,409.80392156863,34.019607843137,240.0,0.0,1260.0
108.0,4.5,409.80392156863,34.019607843137,285.0,0.0,1280.0
108.0,4.5,409.80392156863,34.019607843137,290.0,0.0,1250.0
108.0,4.5,409.80392156863,34.019607843137,340.0,0.0,1185.0
108.0,4.5,409.80392156863,34.019607843137,380.0,0.0,1190.0
108.0,4.5,409.80392156863,34.019607843137,380.0,0.0,1235.0
108.0,4.5,409.80392156863,34.019607843137,445.0,0.0,990.0
108.0,4.5,409.80392156863,34.019607843137,485.0,0.0,1230.0
160.0,4.5,409.80392156863,34.019607843137,400.0,0.0,1910.0
104.0,2.0,344.11764705882,39.901960784314,624.0,0.0,551.0
105.0,2.5,344.11764705882,43.529411764706,630.0,0.0,625.0
106.0,3.0,344.11764705882,40.882352941176,636.0,0.0,688.0
107.0,3.5,379.90196078431,39.019607843137,642.0,0.0,852.0
107.0,4.0,379.90196078431,38.333333333333,642.0,0.0,907.0
108.0,4.5,344.11764705882,40.921568627451,648.0,0.0,936.0
108.0,5.0,379.90196078431,40.921568627451,648.0,0.0,1106.0
160.0,2.5,433.33333333333,39.411764705882,1120.0,0.0,1455.0
140.0,2.5,433.33333333333,47.450980392157,938.0,0.0,1147.0
140.0,3.0,426.47058823529,40.392156862745,938.0,0.0,1233.0
100.0,2.5,433.33333333333,54.803921568627,700.0,0.0,765.0
100.0,2.5,433.33333333333,54.803921568627,400.0,0.0,845.0
100.0,3.0,426.47058823529,35.882352941176,700.0,0.0,738.0
100.0,3.0,426.47058823529,42.941176470588,400.0,0.0,793.0
200.0,2.0,237.25490196078,30.294117647059,1200.0,0.0,1440.0
210.0,2.5,237.25490196078,33.529411764706,1260.0,0.0,1640.0
210.0,3.0,233.33333333333,33.529411764706,1260.0,0.0,1740.0
180.0,3.0,233.33333333333,30.294117647059,1080.0,0.0,1380.0
210.0,2.5,237.25490196078,32.941176470588,840.0,0.0,1670.0
100.0,2.5,244.11764705882,42.549019607843,380.0,0.0,684.0
100.0,2.0,236.27450980392,42.549019607843,380.0,0.0,548.0
100.0,1.5,232.35294117647,42.549019607843,380.0,0.0,515.0
166.0,5.0,288.23529411765,63.725490196078,996.0,0.0,1900.0
166.0,5.0,288.23529411765,52.941176470588,996.0,0.0,1800.0
166.0,5.0,288.23529411765,33.137254901961,996.0,0.0,1400.0
166.0,5.0,288.23529411765,36.56862745098,996.0,0.0,1520.0
166.0,5.0,288.23529411765,28.823529411765,996.0,0.0,1120.0
166.0,5.0,288.23529411765,53.137254901961,996.0,0.0,1730.0
166.0,5.0,288.23529411765,65.196078431373,996.0,0.0,1890.0
166.0,5.0,288.23529411765,46.078431372549,996.0,0.0,1660.0
140.0,5.3,378.43137254902,27.450980392157,938.0,0.0,1353.0
140.0,5.0,378.43137254902,37.549019607843,938.0,0.0,1407.0
140.0,5.0,378.43137254902,42.647058823529,938.0,0.0,1532.0
140.0,5.3,378.43137254902,60.588235294118,938.0,0.0,1698.0
140.0,5.0,378.43137254902,51.274509803922,938.0,0.0,1570.0
92.0,3.0,260.78431372549,26.078431372549,193.2,0.0,549.0
92.0,3.0,260.78431372549,26.078431372549,322.0,0.0,511.0
92.0,3.0,260.78431372549,26.078431372549,644.0,0.0,440.0
92.0,3.0,260.78431372549,26.078431372549,984.4,0.0,417.0
108.0,4.5,259.80392156863,25.490196078431,432.0,0.0,950.0
108.0,4.5,259.80392156863,25.490196078431,756.0,0.0,679.0
108.0,4.5,259.80392156863,25.490196078431,1080.0,0.0,680.0
108.0,4.5,259.80392156863,25.490196078431,1404.0,0.0,574.0
108.0,4.5,259.80392156863,25.490196078431,1728.0,0.0,535.0
108.0,4.5,259.80392156863,25.490196078431,2052.0,0.0,505.0
108.0,4.0,332.1568627451,48.039215686275,432.0,0.0,990.0
108.0,4.0,327.25490196078,48.039215686275,648.0,0.0,853.0
108.0,4.0,337.74509803922,43.137254901961,864.0,0.0,801.0
108.0,4.0,337.74509803922,40.980392156863,1080.0,0.0,751.0
108.0,4.0,327.25490196078,41.56862745098,1296.0,0.0,700.0
108.0,4.0,332.1568627451,40.490196078431,1512.0,0.0,700.0
108.0,4.0,347.8431372549,40.490196078431,1728.0,0.0,686.0
108.0,4.2,259.80392156863,25.882352941176,432.0,0.0,935.0
108.0,4.2,259.80392156863,25.882352941176,756.0,0.0,737.0
108.0,4.2,259.80392156863,28.627450980392,1080.0,0.0,653.0
210.0,2.5,237.25490196078,32.941176470588,840.0,0.0,1670.0
210.0,2.5,237.25490196078,33.529411764706,1260.0,0.0,1640.0
210.0,2.5,237.25490196078,32.941176470588,1890.0,0.0,1350.0
106.0,3.0,299.01960784314,44.117647058824,463.75,0.0,751.0
159.3,5.25,357.1568627451,40.980392156863,409.0,0.0,2500.0
159.3,5.25,357.1568627451,40.980392156863,409.0,0.0,2091.0
159.3,5.25,357.1568627451,40.980392156863,409.0,0.0,2150.0
159.3,5.25,357.1568627451,40.980392156863,409.0,0.0,2083.0
159.3,5.25,357.1568627451,40.980392156863,409.0,0.0,1942.0
159.3,5.25,357.1568627451,40.980392156863,409.0,0.0,1950.0
159.3,5.25,357.1568627451,40.980392156863,409.0,0.0,1850.0
105.3,3.0,321.96078431373,29.117647058824,312.0,0.0,640.0
105.2,2.95,321.96078431373,29.117647058824,312.0,0.0,595.0
105.1,2.75,321.96078431373,29.117647058824,312.0,0.0,587.0
105.3,3.15,321.96078431373,46.176470588235,312.0,0.0,783.0
105.2,3.05,321.96078431373,46.176470588235,312.0,0.0,792.0
105.2,3.05,321.96078431373,46.176470588235,312.0,0.0,801.0
108.3,4.4,321.96078431373,29.117647058824,312.0,0.0,773.0
108.2,4.45,321.96078431373,29.117647058824,312.0,0.0,760.0
108.2,4.45,321.96078431373,29.117647058824,312.0,0.0,753.0
153.9,1.83,357.1568627451,34.313725490196,424.0,0.0,1101.0
156.3,3.03,357.1568627451,42.941176470588,424.0,0.0,1400.0
159.3,4.83,357.1568627451,40.980392156863,420.0,0.0,1901.0
159.8,5.08,357.1568627451,40.980392156863,425.0,0.0,1950.0
101.3,0.55,357.1568627451,42.941176470588,300.0,0.0,381.0
101.3,0.55,357.1568627451,42.941176470588,300.0,0.0,350.0
105.0,2.86,265.0,34.313725490196,321.0,0.0,590.0
107.9,4.3,265.0,34.313725490196,321.0,0.0,847.0
107.9,4.3,265.0,34.313725490196,320.0,0.0,821.0
102.7,1.65,265.0,40.980392156863,309.0,0.0,495.0
102.5,1.55,265.0,40.980392156863,311.0,0.0,450.0
102.3,1.45,265.0,40.980392156863,312.0,0.0,447.0
105.0,2.8,265.0,34.313725490196,311.0,0.0,589.0
105.2,2.9,265.0,34.313725490196,311.0,0.0,598.0
108.55,4.6,271.96078431373,36.470588235294,325.7,0.0,772.0
273.0,8.0,306.86274509804,34.705882352941,1100.0,0.0,5690.0
273.0,8.0,306.86274509804,11.862745098039,1100.0,0.0,4120.0
273.0,8.0,306.86274509804,11.862745098039,1100.0,0.0,3920.0
273.0,8.0,306.86274509804,17.450980392157,1100.0,0.0,5300.0
273.0,8.0,306.86274509804,17.450980392157,1100.0,0.0,5400.0
204.0,2.0,235.29411764706,12.156862745098,880.0,0.0,1090.0
204.0,2.0,235.29411764706,12.156862745098,880.0,0.0,1060.0
204.0,2.0,235.29411764706,33.43137254902,840.0,0.0,1320.0
204.0,2.0,235.29411764706,46.078431372549,840.0,0.0,1670.0
204.0,2.0,235.29411764706,46.862745098039,840.0,0.0,1725.0
96.0,5.0,410.78431372549,12.156862745098,410.0,0.0,930.0
96.0,5.0,410.78431372549,12.156862745098,450.0,0.0,860.0
96.0,5.0,410.78431372549,33.43137254902,450.0,0.0,1065.0
96.0,5.0,410.78431372549,33.43137254902,450.0,0.0,1190.0
96.0,5.0,410.78431372549,46.078431372549,400.0,0.0,1200.0
96.0,5.0,410.78431372549,46.078431372549,400.0,0.0,1195.0
96.0,5.0,410.78431372549,46.078431372549,400.0,0.0,1095.0
96.0,5.0,410.78431372549,46.078431372549,405.0,0.0,1145.0
121.0,12.0,294.11764705882,12.156862745098,500.0,0.0,2465.0
121.0,12.0,294.11764705882,12.156862745098,500.0,0.0,2420.0
121.0,12.0,294.11764705882,33.43137254902,500.0,0.0,2550.0
166.0,5.0,274.50980392157,31.372549019608,660.0,0.0,1780.0
166.0,5.0,274.50980392157,31.372549019608,660.0,0.0,1730.0
166.0,5.0,274.50980392157,34.705882352941,660.0,0.0,1900.0
166.0,5.0,274.50980392157,34.705882352941,660.0,0.0,1910.0
166.0,5.0,274.50980392157,34.705882352941,660.0,0.0,1730.0
166.0,5.0,274.50980392157,34.705882352941,660.0,0.0,1770.0
166.0,5.0,274.50980392157,34.705882352941,660.0,0.0,2070.0
166.0,5.0,274.50980392157,34.705882352941,660.0,0.0,2150.0
121.0,12.0,294.11764705882,11.862745098039,500.0,0.0,2380.0
121.0,12.0,294.11764705882,33.43137254902,500.0,0.0,2470.0
121.0,12.0,294.11764705882,46.862745098039,500.0,0.0,2640.0
166.0,5.0,274.50980392157,34.705882352941,350.0,0.0,1820.0
166.0,5.0,274.50980392157,34.705882352941,350.0,0.0,2080.0
166.0,5.0,274.50980392157,34.705882352941,500.0,0.0,2040.0
166.0,5.0,274.50980392157,34.705882352941,500.0,0.0,2085.0
166.0,5.0,274.50980392157,34.705882352941,660.0,0.0,2015.0
166.0,5.0,274.50980392157,34.705882352941,1100.0,0.0,2025.0
320.0,7.0,250.0,52.941176470588,260.0,0.0,8070.0
320.0,7.0,250.0,52.941176470588,440.0,0.0,6020.0
320.0,7.0,250.0,52.941176470588,520.0,0.0,6010.0
320.0,7.0,250.0,52.941176470588,520.0,0.0,6510.0
121.0,12.0,294.11764705882,9.1666666666667,200.0,0.0,2760.0
121.0,12.0,294.11764705882,15.686274509804,200.0,0.0,2800.0
121.0,12.0,294.11764705882,15.686274509804,200.0,0.0,2900.0
166.0,5.0,277.45098039216,45.392156862745,710.48,0.0,1690.0
166.0,5.0,277.45098039216,48.823529411765,710.48,0.0,1945.0
166.0,5.0,313.72549019608,48.823529411765,869.84,0.0,1865.0
166.0,5.0,284.3137254902,48.823529411765,869.84,0.0,1900.0
166.0,5.0,294.11764705882,48.823529411765,1699.84,0.0,1575.0
166.0,5.0,313.72549019608,48.823529411765,1699.84,0.0,1490.0
166.0,5.0,289.21568627451,33.039215686275,2700.82,0.0,1140.0
166.0,5.0,289.21568627451,33.039215686275,2700.82,0.0,1297.0
166.0,5.0,287.25490196078,33.039215686275,3700.14,0.0,1004.0
166.0,5.0,287.25490196078,33.039215686275,3700.14,0.0,978.0
108.0,4.0,339.01960784314,34.019607843137,324.0,0.0,1140.0
108.0,4.0,339.01960784314,34.019607843137,324.0,0.0,1080.0
108.0,4.0,339.01960784314,34.019607843137,324.0,0.0,1095.0
108.0,4.0,339.01960784314,34.019607843137,648.0,0.0,842.0
108.0,4.0,339.01960784314,34.019607843137,648.0,0.0,845.0
108.0,4.0,339.01960784314,34.019607843137,864.0,0.0,782.0
108.0,4.0,339.01960784314,34.019607843137,864.0,0.0,818.0
108.0,4.0,339.01960784314,34.019607843137,864.0,0.0,887.0
108.0,4.0,339.01960784314,34.019607843137,1080.0,0.0,854.0
108.0,4.0,339.01960784314,34.019607843137,1080.0,0.0,799.0
108.0,4.0,339.01960784314,34.019607843137,1620.0,0.0,722.0
108.0,4.0,339.01960784314,34.019607843137,1620.0,0.0,660.0
108.0,4.0,339.01960784314,34.019607843137,1620.0,0.0,657.0
108.0,4.0,339.01960784314,34.019607843137,2160.0,0.0,686.0
108.0,4.0,339.01960784314,34.019607843137,2160.0,0.0,712.0
108.0,4.0,339.01960784314,34.019607843137,2160.0,0.0,690.0
108.0,4.0,339.01960784314,34.019607843137,2700.0,0.0,662.0
108.0,4.0,339.01960784314,34.019607843137,3240.0,0.0,571.0
108.0,4.0,339.01960784314,34.019607843137,3240.0,0.0,488.0
108.0,4.0,339.01960784314,34.019607843137,3240.0,0.0,613.0
108.0,4.0,339.01960784314,34.019607843137,4320.0,0.0,381.0
108.0,4.0,339.01960784314,34.019607843137,4320.0,0.0,350.0
108.0,4.0,339.01960784314,34.019607843137,4320.0,0.0,300.0
108.0,4.0,339.01960784314,34.019607843137,5400.0,0.0,230.0
108.0,4.0,339.01960784314,34.019607843137,5400.0,0.0,215.0
108.0,4.0,339.01960784314,34.019607843137,5400.0,0.0,217.0
101.8,2.94,319.60784313725,17.941176470588,200.0,0.0,640.0
101.8,2.94,319.60784313725,37.352941176471,200.0,0.0,673.0
101.8,5.7,304.90196078431,17.941176470588,200.0,0.0,972.0
101.8,5.7,304.90196078431,37.352941176471,200.0,0.0,990.0
100.0,0.52,244.11764705882,17.941176470588,200.0,0.0,243.0
100.0,0.52,244.11764705882,17.941176470588,200.0,0.0,247.0
100.0,0.52,244.11764705882,17.941176470588,200.0,0.0,242.0
100.0,0.52,244.11764705882,37.352941176471,200.0,0.0,397.0
100.0,0.52,244.11764705882,37.352941176471,200.0,0.0,402.0
100.0,0.52,244.11764705882,37.352941176471,200.0,0.0,412.0
150.0,0.7,245.1,22.549019607843,480.0,0.0,549.0
150.0,0.7,245.1,22.549019607843,800.0,0.0,524.0
150.0,1.4,245.1,22.549019607843,800.0,0.0,711.0
150.0,2.1,245.1,22.549019607843,800.0,0.0,803.0
150.0,0.7,245.1,33.43137254902,480.0,0.0,759.0
150.0,2.1,245.1,35.294117647059,800.0,0.0,1095.0
108.0,4.5,400.0,69.0,700.0,0.0,1200.0
108.0,4.5,400.0,69.0,700.0,0.0,1350.0
108.0,4.5,400.0,69.0,1130.0,0.0,1200.0
108.0,4.5,400.0,69.0,1130.0,0.0,1100.0
108.0,4.5,400.0,69.0,1670.0,0.0,1000.0
108.0,4.5,400.0,69.0,1670.0,0.0,1000.0
108.0,4.5,400.0,69.0,2230.0,0.0,850.0
108.0,4.5,400.0,69.0,2230.0,0.0,900.0
108.0,4.5,400.0,69.0,3470.0,0.0,490.0
108.0,4.5,400.0,69.0,3470.0,0.0,540.0
190.7,6.0,504.90196078431,55.882352941176,1150.0,0.0,3123.0
190.7,6.0,504.90196078431,55.882352941176,2300.0,0.0,2663.0
190.7,6.0,504.90196078431,55.882352941176,3450.0,0.0,2100.0
190.7,6.0,504.90196078431,48.333333333333,1150.0,0.0,3210.0
190.7,6.0,504.90196078431,48.333333333333,3450.0,0.0,2175.0
267.4,7.0,460.78431372549,55.882352941176,1600.0,0.0,5283.0
267.4,7.0,460.78431372549,55.882352941176,3200.0,0.0,4623.0
267.4,7.0,460.78431372549,55.882352941176,4800.0,0.0,3697.0
267.4,7.0,460.78431372549,48.333333333333,1600.0,0.0,5290.0
267.4,7.0,460.78431372549,48.333333333333,4800.0,0.0,3980.0
323.9,5.6,443.9,92.3,1000.0,0.0,11481.0
323.9,5.6,478.0,92.3,4000.0,0.0,10401.0
114.0,1.79,266.0,37.0,850.0,0.0,515.0
114.0,3.35,291.0,37.0,850.0,0.0,785.0
114.0,4.44,332.0,37.0,850.0,0.0,902.0
114.0,6.0,486.0,37.0,850.0,0.0,1334.0
114.0,5.91,486.0,25.0,1250.0,0.0,1177.0
114.0,1.93,266.0,33.0,1750.0,0.0,461.0
114.0,3.32,291.0,30.0,1750.0,0.0,628.0
114.0,5.94,486.0,37.0,1750.0,0.0,1138.0
114.0,1.78,266.0,28.0,2250.0,0.0,373.0
114.0,3.31,291.0,24.0,2320.0,0.0,535.0
114.0,6.14,486.0,28.0,2250.0,0.0,1000.0
114.0,1.72,266.0,36.0,2750.0,0.0,353.0
114.0,3.41,291.0,36.0,2750.0,0.0,569.0
114.0,4.49,332.0,31.0,2750.0,0.0,657.0
114.0,6.11,486.0,33.0,2750.0,0.0,941.0
139.7,9.2202,681.88086045229,38.403199117485,914.4,0.0,3047.017
139.7,9.2202,681.88086045229,38.403199117485,914.4,0.0,2597.7488
139.7,9.2202,681.88086045229,38.403199117485,3048.0,0.0,2001.69
177.8,12.7508,593.62934362934,38.403199117485,914.4,0.0,5253.3242
177.8,12.7508,593.62934362934,38.403199117485,914.4,0.0,5524.6644
177.8,12.7508,593.62934362934,38.403199117485,3048.0,0.0,4310.3058
152.0,1.7,270.0,73.0,900.0,0.0,1550.0
152.0,1.7,270.0,73.0,900.0,0.0,1458.0
152.0,1.7,270.0,73.0,500.0,0.0,1548.0
152.0,1.7,270.0,73.0,500.0,0.0,1448.0
152.0,1.7,328.0,85.0,660.0,0.0,1863.0
152.0,1.7,328.0,85.0,660.0,0.0,1895.0
165.2,4.5,413.7288,40.882352941176,661.0,0.0,1593.0
165.2,4.5,413.7288,40.882352941176,1322.0,0.0,1440.0
165.2,4.5,413.7288,40.882352941176,1982.0,0.0,1399.0
165.2,4.5,413.7288,40.882352941176,2974.0,0.0,1170.0
165.2,4.5,413.7288,40.882352941176,3965.0,0.0,1039.0
165.2,4.5,413.7288,40.882352941176,4956.0,0.0,797.0
159.8,6.3,482.5,76.8,476.0,0.0,2350.0
115.9,4.9,309.5,76.8,350.0,0.0,1174.0
141.8,4.3,433.0,76.8,420.0,0.0,1618.0
114.8,3.9,357.7,76.8,337.0,0.0,1150.0
165.7,5.1,373.3,76.8,494.0,0.0,2309.0
133.1,4.5,324.3,76.8,397.0,0.0,1535.0
113.6,3.2,354.6,76.8,337.0,0.0,1145.0
111.3,2.0,354.6,76.8,339.0,0.0,894.0
130.6,2.3,324.3,76.8,396.0,0.0,1250.0
140.8,3.0,285.0,28.18,635.0,0.0,881.0
141.4,6.5,313.0,23.805,635.0,0.0,1825.0
140.0,6.68,537.0,28.18,635.0,0.0,2715.0
101.5,2.4,410.0,58.0,2175.0,0.0,523.0
125.0,1.0,232.0,84.7,438.0,0.0,1275.0
125.0,1.0,232.0,84.7,438.0,0.0,1239.0
127.0,2.0,258.0,84.7,445.0,0.0,1491.0
127.0,2.0,258.0,84.7,445.0,0.0,1339.0
133.0,3.5,352.0,84.7,465.0,0.0,1995.0
133.0,3.5,352.0,84.7,465.0,0.0,1991.0
133.0,3.5,352.0,84.7,465.0,0.0,1962.0
133.0,4.7,352.0,84.7,465.0,0.0,2273.0
133.0,4.7,352.0,84.7,465.0,0.0,2158.0
133.0,4.7,352.0,84.7,465.0,0.0,2253.0
127.0,7.0,429.0,84.7,445.0,0.0,3404.0
127.0,7.0,429.0,84.7,445.0,0.0,3370.0
127.0,7.0,429.0,84.7,445.0,0.0,3364.0
108.0,4.5,358.0,77.4,378.0,0.0,1535.0
108.0,4.5,358.0,77.4,378.0,0.0,1578.0
108.0,4.5,358.0,77.4,378.0,0.0,1518.0
165.0,2.82,363.3,108.0,577.5,0.0,2673.0
190.0,1.94,256.4,108.0,660.0,0.0,3360.0
190.0,1.52,306.1,108.0,661.5,0.0,3260.0
190.0,1.13,185.7,108.0,660.0,0.0,3058.0
190.0,0.86,210.7,108.0,662.0,0.0,3070.0
101.4,3.03,371.0,23.2,304.2,0.0,660.0
101.9,3.03,371.0,23.2,305.7,0.0,649.0
101.8,3.03,371.0,23.2,305.4,0.0,682.0
216.4,6.61,452.0,24.3,649.2,0.0,3568.0
318.3,10.36,331.0,24.2,954.9,0.0,6565.0
101.7,3.03,371.0,40.2,305.1,0.0,800.0
101.3,3.03,371.0,40.2,303.9,0.0,742.0
216.4,6.61,452.0,38.3,649.2,0.0,4023.0
318.3,10.36,331.0,39.3,954.9,0.0,7933.0
101.9,3.03,371.0,51.3,305.7,0.0,877.0
101.5,3.03,371.0,51.3,304.5,0.0,862.0
216.4,6.61,452.0,46.8,649.2,0.0,4214.0
318.5,10.36,331.0,52.5,955.5,0.0,8289.0
159.0,4.8,433.0,64.5,650.0,0.0,2150.0
219.0,6.0,325.0,58.0,1000.0,0.0,2989.0
219.0,4.0,325.0,47.6,1000.0,0.0,1930.6
219.0,4.0,325.0,52.3,1000.0,0.0,1979.6
120.0,2.65,340.0,20.1,360.0,0.0,640.0
120.0,2.65,340.0,36.0,360.0,0.0,816.0
120.0,2.65,340.0,36.0,1400.0,0.0,769.0
158.7,0.9,221.0,18.7,450.0,0.0,699.7
157.5,1.5,308.0,18.7,450.0,0.0,815.4
157.7,2.14,286.0,18.7,450.0,0.0,907.5
165.0,4.7,355.0,33.4,2475.0,0.0,1058.0
165.0,4.7,355.0,33.4,2475.0,0.0,1037.0
165.0,4.7,355.0,10.0,2475.0,0.0,800.0
165.0,4.7,355.0,10.0,2475.0,0.0,834.0
110.0,1.9,350.0,33.4,2200.0,0.0,437.0
110.0,1.9,350.0,33.4,2200.0,0.0,368.0
110.0,1.9,350.0,33.4,2200.0,0.0,355.0
110.0,1.9,350.0,33.4,2200.0,0.0,374.0
110.0,1.9,350.0,10.0,2200.0,0.0,269.0
110.0,1.9,350.0,10.0,2200.0,0.0,252.0
110.0,1.9,350.0,10.0,2200.0,0.0,211.0
110.0,1.9,350.0,10.0,2200.0,0.0,219.0
180.0,1.49,222.7,44.76,555.0,0.0,1287.0
150.0,1.5,222.7,44.76,459.0,0.0,1024.0
135.0,1.46,222.7,44.76,417.0,0.0,800.0
120.0,1.51,222.7,49.32,369.0,0.0,690.0
100.0,1.9,404.0,121.6,300.0,0.0,1125.0
100.0,1.9,404.0,121.6,300.0,0.0,1085.0
100.0,1.9,404.0,121.6,300.0,0.0,1100.0
100.0,1.9,404.0,121.6,300.0,0.0,1170.0
100.0,1.9,404.0,121.6,900.0,0.0,1065.0
100.0,1.9,404.0,121.6,900.0,0.0,980.0
100.0,1.9,404.0,121.6,1500.0,0.0,907.0
100.0,1.9,404.0,121.6,1500.0,0.0,760.0
100.0,1.9,404.0,121.6,3000.0,0.0,288.0
100.0,1.9,404.0,121.6,3000.0,0.0,317.5
360.0,6.0,498.0,31.5,1760.0,0.0,6888.0
300.0,12.0,479.0,31.5,1580.0,0.0,9823.0
150.0,3.0,324.4,52.6,675.0,0.0,1462.0
150.0,3.0,324.4,52.6,900.0,0.0,1489.0
111.64,1.9,261.3,47.8,400.0,0.0,666.6
111.64,1.9,261.3,56.7,400.0,0.0,701.9
113.64,3.64,259.6,56.7,400.0,0.0,1011.0
76.21,2.52,286.0,145.0,300.0,0.0,752.0
76.12,2.51,286.0,145.0,300.0,0.0,762.0
76.11,2.48,286.0,145.0,300.0,0.0,774.0
76.19,2.99,278.0,145.0,300.0,0.0,805.0
75.84,2.99,278.0,145.0,300.0,0.0,796.0
75.97,2.98,278.0,145.0,300.0,0.0,801.0
76.18,3.31,305.0,145.0,300.0,0.0,841.0
159.0,6.0,394.0,37.7,2135.0,0.0,1414.0
159.0,6.0,457.0,120.1,2135.0,0.0,2792.0
159.0,6.0,487.0,116.0,2135.0,0.0,2193.0
152.0,4.5,356.4,27.0,3000.0,0.0,1001.0
152.0,4.5,356.4,27.0,3000.0,0.0,905.0
152.0,4.5,356.4,27.0,3000.0,0.0,929.0
152.0,4.5,356.4,87.1,3000.0,0.0,1499.0
159.0,4.5,344.4,56.7,3000.0,0.0,1351.0
159.0,4.5,344.4,56.7,3000.0,0.0,1509.0
159.0,4.5,344.4,56.7,3000.0,0.0,1408.0
159.0,4.5,344.4,82.1,3000.0,0.0,1557.0
159.0,4.5,344.4,82.1,3000.0,0.0,1501.0
159.0,4.5,344.4,82.1,3000.0,0.0,1515.0
159.0,4.5,475.4,56.7,3000.0,0.0,1710.0
159.0,4.5,475.4,56.7,3000.0,0.0,1710.0
159.0,4.5,475.4,56.7,3000.0,0.0,1705.0
159.0,4.5,475.4,82.1,3000.0,0.0,1767.0
159.0,4.5,475.4,82.1,3000.0,0.0,1711.0
159.0,4.5,475.4,82.1,3000.0,0.0,1755.0
114.3,2.74,235.0,56.2,300.0,0.0,901.81
114.3,2.74,235.0,66.75,300.0,0.0,981.23
114.3,2.74,235.0,107.2,300.0,0.0,1295.06
114.3,5.9,355.0,56.2,300.0,0.0,1735.77
114.3,5.9,355.0,66.75,300.0,0.0,1818.62
114.3,5.9,355.0,107.2,300.0,0.0,1989.86
114.3,2.74,235.0,56.2,600.0,0.0,947.75
114.3,2.74,235.0,66.75,600.0,0.0,1031.92
114.3,2.74,235.0,107.2,600.0,0.0,1296.61
114.3,5.9,355.0,56.2,600.0,0.0,1723.19
114.3,5.9,355.0,66.75,600.0,0.0,1810.94
114.3,5.9,355.0,107.2,600.0,0.0,1968.06
114.3,2.74,235.0,56.2,900.0,0.0,877.28
114.3,2.74,235.0,66.75,900.0,0.0,983.51
114.3,2.74,235.0,107.2,900.0,0.0,1233.24
114.3,5.9,355.0,56.2,900.0,0.0,1592.48
114.3,5.9,355.0,66.75,900.0,0.0,1713.34
114.3,5.9,355.0,107.2,900.0,0.0,1907.29
165.0,2.37,287.5,30.2,615.0,0.0,1008.0
165.0,2.37,287.5,30.2,615.0,0.0,996.0
558.1,16.53,546.0,31.7,997.5,0.0,29050.0
557.65,16.52,546.0,31.7,994.9,0.0,28830.0
559.4,16.54,546.0,31.7,994.85,0.0,29590.0
153.0,1.54,345.0,85.4,306.0,0.0,1823.0
153.0,1.54,345.0,85.4,306.0,0.0,1842.0
153.0,1.54,345.0,85.4,306.0,0.0,1872.0
250.0,2.48,326.0,85.4,500.0,0.0,4871.0
250.0,2.48,326.0,85.4,500.0,0.0,4528.0
250.0,2.48,326.0,85.4,500.0,0.0,4733.0
372.0,3.64,320.0,85.4,744.0,0.0,9163.0
372.0,3.64,320.0,85.4,744.0,0.0,9996.0
372.0,3.64,320.0,85.4,744.0,0.0,9604.0
469.0,4.66,291.0,85.4,938.0,0.0,15827.0
469.0,4.66,291.0,85.4,938.0,0.0,16670.0
469.0,4.66,291.0,85.4,938.0,0.0,15239.0
157.0,2.48,326.0,85.4,314.0,0.0,2117.0
157.0,2.48,326.0,85.4,314.0,0.0,2058.0
157.0,2.48,326.0,85.4,314.0,0.0,2068.0
282.0,4.36,322.0,85.4,564.0,0.0,6811.0
282.0,4.36,322.0,85.4,564.0,0.0,6380.0
282.0,4.36,322.0,85.4,564.0,0.0,6860.0
358.0,5.66,290.0,85.4,716.0,0.0,9947.0
358.0,5.66,290.0,85.4,716.0,0.0,10045.0
358.0,5.66,290.0,85.4,716.0,0.0,9609.0
474.0,7.42,317.0,85.4,948.0,0.0,17787.0
474.0,7.42,317.0,85.4,948.0,0.0,18306.0
474.0,7.42,317.0,85.4,948.0,0.0,17885.0
153.0,3.64,320.0,85.4,306.0,0.0,2264.0
153.0,3.64,320.0,85.4,306.0,0.0,2274.0
153.0,3.64,320.0,85.4,306.0,0.0,2205.0
235.0,5.66,290.0,85.4,470.0,0.0,5390.0
235.0,5.66,290.0,85.4,470.0,0.0,5047.0
235.0,5.66,290.0,85.4,470.0,0.0,5096.0
393.0,9.38,312.0,85.4,786.0,0.0,13936.0
393.0,9.38,312.0,85.4,786.0,0.0,14406.0
393.0,9.38,312.0,85.4,786.0,0.0,14161.0
477.0,11.36,310.0,85.4,954.0,0.0,20237.0
477.0,11.36,310.0,85.4,954.0,0.0,20462.0
477.0,11.36,310.0,85.4,954.0,0.0,19854.0
114.3,3.6,403.0,173.5,250.0,0.0,2422.0
114.3,3.6,403.0,173.5,250.0,0.0,2340.0
114.3,6.3,428.0,173.5,250.0,0.0,2610.0
114.3,6.3,428.0,173.5,250.0,0.0,2633.0
219.1,5.0,380.0,51.6,600.0,0.0,3118.0
219.1,5.0,380.0,185.1,600.0,0.0,7837.0
219.1,10.0,381.0,51.6,600.0,0.0,5241.0
219.1,10.0,381.0,185.1,600.0,0.0,9085.0
219.1,6.3,300.0,163.0,600.0,0.0,6915.0
219.1,6.3,300.0,175.4,600.0,0.0,7407.0
219.1,6.3,300.0,148.8,600.0,0.0,6838.0
219.1,6.3,300.0,174.5,600.0,0.0,7569.0
219.1,16.0,374.0,186.0,4195.0,0.0,6402.0
273.0,10.0,412.0,180.0,4195.0,0.0,8648.0
168.3,2.8,317.8,37.71,300.0,0.0,1282.5
168.3,2.8,317.8,93.74,300.0,0.0,2375.7
159.0,3.0,336.28,33.39,300.0,0.0,1185.7
159.0,3.0,336.28,90.85,300.0,0.0,2021.7
120.0,2.5,445.52,41.44,300.0,0.0,879.2
120.0,2.5,445.52,94.68,300.0,0.0,1417.2
100.0,3.0,432.09,34.04,300.0,0.0,724.0
100.0,3.0,432.82,93.51,300.0,0.0,1141.3
101.6,3.0,425.03,34.04,300.0,0.0,703.3
101.6,3.0,425.03,93.51,300.0,0.0,1075.5
140.0,4.42,1020.0,52.5,420.0,0.0,3020.0
140.0,6.27,1153.0,52.5,420.0,0.0,4274.0
140.0,8.36,813.0,52.5,420.0,0.0,4436.0
140.0,10.46,773.0,52.5,420.0,0.0,5420.0
140.0,6.21,359.0,125.0,420.0,0.0,3215.0
140.0,6.21,359.0,125.0,420.0,0.0,3202.0
140.0,8.19,389.0,125.0,420.0,0.0,3354.0
140.0,8.19,389.0,125.0,420.0,0.0,3398.0
140.0,11.58,367.0,125.0,420.0,0.0,4104.0
140.0,11.58,367.0,125.0,420.0,0.0,4300.0
140.0,16.72,389.0,125.0,420.0,0.0,5135.0
140.0,16.72,389.0,125.0,420.0,0.0,5120.0
140.0,4.42,1020.0,125.0,420.0,0.0,4516.0
140.0,4.42,1020.0,125.0,420.0,0.0,4312.0
140.0,6.27,1153.0,125.0,420.0,0.0,5386.0
140.0,6.27,1153.0,125.0,420.0,0.0,5354.0
140.0,8.36,813.0,125.0,420.0,0.0,5531.0
140.0,8.36,813.0,125.0,420.0,0.0,5502.0
140.0,10.46,773.0,125.0,420.0,0.0,6339.0
140.0,10.46,773.0,125.0,420.0,0.0,6187.0
88.9,5.842,399.62,41.34,812.8,7.62,404.3232
88.9,5.842,399.62,41.34,1422.4,7.62,356.2848
88.9,5.842,399.62,41.34,812.8,25.4,175.696
88.9,5.842,399.62,41.34,1117.6,25.4,174.9176
82.55,1.397,482.3,41.34,812.8,7.62,125.8784
82.55,1.397,482.3,41.34,812.8,25.4,66.72
169.418,5.1054,304.51801631689,55.5334,3327.4,47.625,621.938304
169.164,5.2578,304.51801631689,54.0176,3327.4,38.1,701.673984
168.91,5.6642,290.81470558263,42.4424,3327.4,47.625,600.010992
168.402,6.5532,292.33729566421,37.9639,3327.4,47.625,624.928392
169.164,7.1882,307.56319648006,31.9696,3327.4,47.625,652.83588
169.164,7.2898,307.56319648006,33.1409,3327.4,38.1,738.551736
168.91,8.8138,318.22132705115,33.0031,3302.0,47.625,757.48896
140.208,9.6012,269.49844444045,41.5467,3327.4,31.75,548.1828
140.208,9.7536,269.49844444045,27.0088,3327.4,31.75,548.1828
140.97,5.0038,289.29211550105,42.5802,3327.4,31.75,416.618928
127.254,1.8288,190.32376019806,83.369,1409.7,6.35,964.801728
127.0,2.8448,266.45326427728,83.369,1409.7,6.35,1045.534104
127.0,1.7272,190.32376019806,75.0321,1714.5,6.35,851.178384
127.0,3.0226,266.45326427728,75.0321,1714.5,6.35,804.333672
127.254,1.778,190.32376019806,50.1592,2032.0,15.875,353.82708
127.0,3.2512,266.45326427728,50.1592,2032.0,15.875,526.255488
127.0,1.6256,190.32376019806,53.2597,2032.0,22.225,343.86012
127.0,3.2512,266.45326427728,53.2597,2032.0,22.225,503.33148
106.0,3.0,299.01960784314,44.117647058824,463.75,7.0,603.315
106.0,3.0,299.01960784314,44.117647058824,463.75,14.0,531.702
106.0,3.0,299.01960784314,44.117647058824,463.75,24.0,405.153
106.0,3.0,299.01960784314,44.117647058824,463.75,32.0,345.312
106.0,3.0,299.01960784314,44.117647058824,463.75,45.0,256.041
106.0,3.0,299.01960784314,44.117647058824,463.75,60.0,200.124
106.0,3.0,299.01960784314,44.117647058824,1404.5,24.0,283.509
106.0,3.0,299.01960784314,44.117647058824,1537.0,24.0,279.585
108.55,4.6,271.96078431373,36.470588235294,325.7,10.8,674.928
108.55,4.6,271.96078431373,36.470588235294,325.7,16.2,612.144
108.55,4.6,271.96078431373,36.470588235294,325.7,21.6,551.322
108.55,4.6,271.96078431373,36.470588235294,325.7,27.0,531.702
108.55,4.6,271.96078431373,36.470588235294,325.7,32.4,433.602
108.55,4.6,271.96078431373,36.470588235294,325.7,35.5,445.374
108.55,4.6,271.96078431373,36.470588235294,325.7,37.8,433.602
108.55,4.6,271.96078431373,36.470588235294,814.1,11.3,543.9645
108.55,4.6,271.96078431373,36.470588235294,814.1,16.0,494.3259
108.55,4.6,271.96078431373,36.470588235294,814.1,22.5,432.0324
108.55,4.6,271.96078431373,36.470588235294,814.1,24.5,424.4787
108.55,4.6,271.96078431373,36.470588235294,814.1,28.4,399.7575
108.55,4.6,271.96078431373,36.470588235294,814.1,30.5,386.8083
108.55,4.6,271.96078431373,36.470588235294,814.1,32.4,374.4477
108.55,4.6,271.96078431373,36.470588235294,814.1,38.2,345.9987
108.55,4.6,271.96078431373,36.470588235294,1628.3,26.5,344.331
108.55,4.6,271.96078431373,36.470588235294,1628.3,28.5,328.8312
108.55,4.6,271.96078431373,36.470588235294,1628.3,29.4,323.8281
108.55,4.6,271.96078431373,36.470588235294,1628.3,29.5,323.8281
108.55,4.6,271.96078431373,36.470588235294,1628.3,33.7,302.6385
108.55,4.6,271.96078431373,36.470588235294,1628.3,33.9,301.9518
108.55,4.6,271.96078431373,36.470588235294,1628.3,41.4,271.0503
166.0,5.0,277.45098039216,45.392156862745,710.48,10.0,1643.175
166.0,5.0,277.45098039216,45.392156862745,710.48,10.0,1569.6
166.0,5.0,329.41176470588,45.392156862745,710.48,20.0,1569.6
166.0,5.0,294.11764705882,48.823529411765,710.48,20.0,1569.6
166.0,5.0,286.27450980392,48.823529411765,710.48,30.0,1128.15
166.0,5.0,249.01960784314,48.823529411765,710.48,30.0,1201.725
166.0,5.0,313.72549019608,45.392156862745,710.48,40.0,1039.86
166.0,5.0,279.41176470588,45.392156862745,710.48,40.0,990.81
166.0,5.0,279.41176470588,45.392156862745,710.48,60.0,735.75
166.0,5.0,296.07843137255,45.392156862745,710.48,60.0,843.66
166.0,5.0,296.07843137255,48.823529411765,710.48,100.0,564.075
166.0,5.0,296.07843137255,48.823529411765,710.48,100.0,510.12
166.0,5.0,289.21568627451,48.823529411765,869.84,20.0,1432.26
166.0,5.0,296.07843137255,48.823529411765,869.84,20.0,1525.455
166.0,5.0,298.03921568627,48.823529411765,869.84,40.0,1020.24
166.0,5.0,279.41176470588,48.823529411765,869.84,40.0,1039.86
166.0,5.0,296.07843137255,48.823529411765,869.84,60.0,816.192
166.0,5.0,296.07843137255,48.823529411765,869.84,60.0,799.515
166.0,5.0,313.72549019608,48.823529411765,869.84,100.0,510.12
166.0,5.0,303.92156862745,48.823529411765,869.84,100.0,490.5
166.0,5.0,296.07843137255,48.823529411765,1699.84,20.0,1275.3
166.0,5.0,294.11764705882,48.823529411765,1699.84,20.0,1177.2
166.0,5.0,294.11764705882,48.823529411765,1699.84,40.0,873.09
166.0,5.0,294.11764705882,48.823529411765,1699.84,40.0,887.805
166.0,5.0,294.11764705882,48.823529411765,1699.84,60.0,686.7
166.0,5.0,294.11764705882,48.823529411765,1699.84,60.0,686.7
166.0,5.0,296.07843137255,48.823529411765,1699.84,100.0,468.918
166.0,5.0,329.41176470588,33.039215686275,2700.82,20.0,809.325
166.0,5.0,329.41176470588,33.039215686275,2700.82,20.0,784.8
166.0,5.0,286.27450980392,33.039215686275,2700.82,40.0,588.6
166.0,5.0,286.27450980392,33.039215686275,2700.82,40.0,585.657
166.0,5.0,289.21568627451,33.039215686275,2700.82,60.0,478.728
166.0,5.0,249.01960784314,33.039215686275,2700.82,60.0,463.032
166.0,5.0,286.27450980392,33.039215686275,2700.82,100.0,333.54
166.0,5.0,292.1568627451,33.039215686275,3700.14,20.0,627.84
166.0,5.0,292.1568627451,33.039215686275,3700.14,20.0,656.289
166.0,5.0,249.70588235294,33.039215686275,3700.14,40.0,497.367
166.0,5.0,284.3137254902,33.039215686275,3700.14,40.0,480.69
166.0,5.0,298.03921568627,33.039215686275,3700.14,60.0,394.362
166.0,5.0,298.03921568627,33.039215686275,3700.14,60.0,396.324
166.0,5.0,303.92156862745,33.039215686275,3700.14,100.0,304.11
166.0,5.0,313.6,51.4,665.0,20.0,1470.0
166.0,5.0,313.6,51.4,665.0,20.0,1519.0
166.0,5.0,313.6,51.4,665.0,40.0,1240.0
166.0,5.0,313.6,51.4,665.0,40.0,1245.0
166.0,5.0,313.6,51.4,665.0,100.0,707.0
166.0,5.0,313.6,51.4,665.0,100.0,637.0
166.0,5.0,297.9,51.4,1495.0,20.0,1465.0
166.0,5.0,297.9,51.4,1495.0,20.0,1431.0
166.0,5.0,297.9,51.4,1495.0,40.0,1093.0
166.0,5.0,297.9,51.4,1495.0,40.0,1147.0
166.0,5.0,297.9,51.4,1495.0,100.0,582.0
166.0,5.0,297.9,51.4,1495.0,100.0,568.0
166.0,5.0,277.3,51.4,1990.0,20.0,1225.0
166.0,5.0,277.3,51.4,1990.0,20.0,1156.0
166.0,5.0,277.3,51.4,1990.0,40.0,916.0
166.0,5.0,279.3,51.4,1990.0,40.0,896.0
166.0,5.0,279.3,51.4,1990.0,100.0,477.0
166.0,5.0,277.3,51.4,1990.0,100.0,515.0
166.0,5.0,285.2,34.8,2990.0,20.0,1022.0
166.0,5.0,289.1,34.8,2990.0,20.0,1094.0
166.0,5.0,285.2,34.8,2240.0,40.0,860.0
166.0,5.0,303.8,34.8,2240.0,40.0,907.0
166.0,5.0,290.1,51.4,1330.0,20.0,1460.0
166.0,5.0,290.1,51.4,1330.0,20.0,1568.0
166.0,5.0,290.1,51.4,1330.0,100.0,657.0
166.0,5.0,290.1,51.4,1990.0,60.0,809.0
166.0,5.0,290.1,51.4,1990.0,60.0,882.0
101.6,1.6,218.0,67.4,807.5,10.0,430.0
101.6,1.6,218.0,67.4,807.5,30.0,235.0
101.6,1.6,218.0,67.4,1312.5,10.0,350.0
101.6,1.6,218.0,67.4,1312.5,30.0,190.0
101.6,1.6,218.0,67.4,1565.0,10.0,315.0
101.6,1.6,218.0,67.4,1817.5,10.0,280.0
101.6,1.6,218.0,67.4,1817.5,30.0,140.0
101.6,1.6,218.0,67.4,2322.5,10.0,220.0
101.6,1.6,218.0,67.4,2322.5,30.0,126.0
165.2,4.5,413.72549019608,40.882352941176,661.0,20.7,1213.497
165.2,4.5,413.72549019608,40.882352941176,661.0,62.0,754.389
165.2,4.5,413.72549019608,40.882352941176,661.0,103.2,554.265
165.2,4.5,413.72549019608,40.882352941176,1322.0,20.7,1040.841
165.2,4.5,413.72549019608,40.882352941176,1322.0,62.0,658.251
165.2,4.5,413.72549019608,40.882352941176,1322.0,103.2,434.583
165.2,4.5,413.72549019608,40.882352941176,1982.0,20.7,947.646
165.2,4.5,413.72549019608,40.882352941176,1982.0,62.0,570.942
165.2,4.5,413.72549019608,40.882352941176,1982.0,103.2,386.514
165.2,4.5,413.72549019608,40.882352941176,2974.0,20.7,741.636
165.2,4.5,413.72549019608,40.882352941176,2974.0,62.0,460.089
165.2,4.5,413.72549019608,40.882352941176,2974.0,103.2,330.597
165.2,4.5,413.72549019608,40.882352941176,3965.0,20.7,609.201
165.2,4.5,413.72549019608,40.882352941176,3965.0,62.0,350.217
165.2,4.5,413.72549019608,40.882352941176,3965.0,103.2,276.642
165.2,4.5,413.72549019608,40.882352941176,4956.0,20.7,478.728
165.2,4.5,413.72549019608,40.882352941176,4956.0,62.0,309.015
165.2,4.5,413.72549019608,40.882352941176,4956.0,103.2,238.383
190.0,1.13,185.7,113.9,662.0,8.5,2438.0
76.0,2.2,435.0,58.0,802.0,15.0,246.0
76.0,2.2,435.0,58.0,1032.0,15.0,208.0
76.0,2.2,435.0,58.0,1262.0,15.0,184.0
76.0,2.2,435.0,58.0,1487.0,15.0,162.0
76.0,2.2,435.0,58.0,1717.0,15.0,141.0
76.0,2.2,435.0,58.0,1947.0,15.0,121.0
76.0,2.2,435.0,58.0,2172.0,15.0,107.0
76.0,2.2,435.0,58.0,2402.0,15.0,96.0
101.7,2.4,410.0,58.0,1947.0,10.0,361.0
101.7,2.4,410.0,58.0,1947.0,15.0,309.0
101.7,2.4,410.0,58.0,1947.0,20.0,275.0
101.7,2.4,410.0,58.0,1947.0,25.0,240.0
101.7,2.4,410.0,58.0,1947.0,30.0,220.0
101.7,2.4,410.0,58.0,1947.0,40.0,188.0
101.7,2.4,410.0,58.0,1947.0,50.0,158.0
101.5,2.4,410.0,58.0,2175.0,50.0,157.0
101.5,2.4,410.0,58.0,2175.0,50.0,183.0
101.5,2.4,410.0,58.0,2175.0,50.0,196.0
101.5,2.4,410.0,58.0,2175.0,50.0,215.0
101.5,2.4,410.0,58.0,2175.0,50.0,237.0
101.5,2.4,410.0,58.0,2175.0,50.0,256.0
101.5,2.4,410.0,58.0,2175.0,50.0,266.0
101.5,2.4,410.0,58.0,2175.0,50.0,266.0
101.5,2.4,410.0,58.0,2175.0,40.0,197.0
101.5,2.4,410.0,58.0,2175.0,40.0,243.0
101.5,2.4,410.0,58.0,2175.0,40.0,260.0
101.5,2.4,410.0,58.0,2175.0,40.0,281.0
101.5,2.4,410.0,58.0,2175.0,40.0,331.0
101.5,2.4,410.0,58.0,2175.0,30.0,244.0
101.5,2.4,410.0,58.0,2175.0,30.0,318.0
101.5,2.4,410.0,58.0,2175.0,30.0,340.0
101.5,2.4,410.0,58.0,2175.0,30.0,384.0
101.5,2.4,410.0,58.0,2175.0,20.0,282.0
101.5,2.4,410.0,58.0,2175.0,20.0,367.0
101.5,2.4,410.0,58.0,2175.0,20.0,411.0
101.5,2.4,410.0,58.0,2175.0,40.0,344.0
101.5,2.4,410.0,58.0,2175.0,40.0,385.0
101.5,2.4,410.0,58.0,2175.0,50.0,303.0
101.5,2.4,410.0,58.0,2175.0,50.0,344.0
159.0,4.5,433.0,64.5,2500.0,10.0,1230.0
165.0,2.82,363.3,48.3,580.5,7.0,1525.0
190.0,1.94,256.4,41.0,661.0,8.6,1533.0
190.0,1.13,185.7,41.0,663.5,8.5,1229.0
190.0,0.86,210.7,41.0,662.0,7.4,1219.0
165.0,2.82,363.3,48.3,580.0,17.2,1123.0
190.0,1.94,256.4,41.0,664.0,16.2,1284.0
190.0,1.52,306.1,48.3,662.0,15.5,1260.0
190.0,1.13,185.7,41.0,664.0,18.9,1023.0
190.0,0.86,210.7,41.0,663.0,13.9,1017.0
165.0,2.82,363.3,80.2,579.5,9.4,1940.0
190.0,1.94,256.4,74.7,662.5,10.0,2203.0
190.0,0.86,210.7,74.7,665.5,8.6,1910.0
165.0,2.82,363.3,80.2,579.5,17.9,1653.0
190.0,1.94,256.4,74.7,663.0,20.8,1730.0
190.0,1.52,306.1,80.2,663.5,14.3,1925.0
190.0,0.86,210.7,74.7,665.0,17.9,1532.0
165.0,2.82,363.3,112.7,578.5,6.8,2246.0
190.0,1.94,256.4,112.7,661.5,6.5,2683.0
190.0,0.86,210.7,112.7,660.5,4.0,2112.0
165.0,2.82,363.3,112.7,578.5,15.6,1880.0
190.0,1.94,256.4,112.7,664.5,17.0,2386.0
190.0,1.52,306.1,112.7,660.5,12.9,2420.0
190.0,1.13,185.7,112.7,662.0,17.1,1925.0
219.0,6.0,325.0,56.1,1000.0,25.0,2450.0
219.0,6.0,325.0,59.4,1000.0,50.0,1862.0
219.0,6.0,325.0,58.0,1000.0,75.0,1332.8
219.0,6.0,325.0,54.1,1000.0,100.0,960.4
219.0,6.0,325.0,54.1,1000.0,125.0,770.3
219.0,4.0,325.0,48.3,1000.0,25.0,1646.4
219.0,4.0,325.0,49.3,1000.0,50.0,1235.8
219.0,4.0,325.0,49.3,1000.0,75.0,986.9
219.0,4.0,325.0,48.3,1000.0,100.0,669.3
219.0,4.0,325.0,48.3,1000.0,125.0,579.2
219.0,4.0,325.0,54.2,1000.0,25.0,1695.4
219.0,4.0,325.0,54.2,1000.0,50.0,1521.0
219.0,4.0,325.0,52.0,1000.0,75.0,1017.2
219.0,4.0,325.0,54.1,1000.0,100.0,825.2
76.0,2.0,275.0,52.0,1555.0,15.0,206.0
76.0,2.0,275.0,52.0,1330.0,15.0,240.0
76.0,2.0,275.0,52.0,1105.0,15.0,265.0
120.0,2.65,340.0,20.1,360.0,14.0,533.0
120.0,2.65,340.0,36.0,360.0,14.0,600.0
120.0,2.65,340.0,36.0,1400.0,14.0,590.0
120.0,2.65,340.0,30.0,1400.0,31.0,412.0
200.0,3.0,303.5,58.5,2000.0,30.0,1215.0
200.0,3.0,303.5,58.5,2000.0,30.0,1132.0
200.0,3.0,303.5,58.5,2000.0,30.0,1291.0
200.0,3.0,303.5,58.5,2000.0,30.0,1234.0
200.0,3.0,303.5,58.5,2000.0,30.0,1280.0
100.0,1.9,404.0,121.6,1500.0,15.0,456.0
100.0,1.9,404.0,121.6,1500.0,15.0,478.0
100.0,1.9,404.0,121.6,1500.0,30.0,297.5
100.0,1.9,404.0,121.6,1500.0,30.0,320.0
180.0,6.0,275.0,53.8,800.0,60.0,930.0
180.0,6.0,275.0,53.8,800.0,120.0,550.0
240.0,6.0,489.0,31.5,1400.0,120.0,1277.0
360.0,6.0,498.0,31.5,1760.0,60.0,4294.0
480.0,6.0,468.0,31.5,2120.0,240.0,3323.0
600.0,6.0,517.0,31.5,2480.0,300.0,4590.0
240.0,6.0,489.0,59.0,1400.0,120.0,1438.0
360.0,6.0,498.0,59.0,1760.0,180.0,2537.0
480.0,6.0,468.0,59.0,2120.0,240.0,3895.0
300.0,12.0,479.0,31.5,1580.0,150.0,3683.0
480.0,12.0,489.0,31.5,2120.0,240.0,5135.0
139.6,4.0,374.0,62.0,1310.0,25.0,756.9
139.6,4.0,374.0,62.0,1230.0,25.0,874.7
139.6,4.0,374.0,62.0,2125.0,25.0,608.2
139.6,4.0,374.0,62.0,2135.0,25.0,605.7
139.6,4.0,374.0,62.0,3270.0,25.0,555.9
139.6,4.0,374.0,62.0,3270.0,25.0,484.11
139.6,4.0,374.0,62.0,4670.0,25.0,336.2
139.6,4.0,374.0,62.0,4670.0,25.0,333.0
139.6,4.0,374.0,62.0,1070.0,25.0,813.8
139.6,4.0,374.0,62.0,1250.0,25.0,835.2
139.6,4.0,374.0,62.0,3040.0,25.0,610.3
139.6,4.0,374.0,62.0,2130.0,25.0,678.6
139.6,4.0,374.0,62.0,3270.0,25.0,540.95
139.6,4.0,374.0,62.0,3270.0,25.0,569.0
139.6,4.0,374.0,62.0,4670.0,25.0,342.4
139.6,4.0,374.0,62.0,4670.0,25.0,333.9
100.0,3.0,322.0,32.7,2135.0,20.0,181.56
100.0,3.0,322.0,34.5,2135.0,50.0,117.49
100.0,3.0,322.0,65.79,2135.0,20.0,248.58
100.0,3.0,322.0,71.64,2135.0,50.0,151.59
100.0,3.0,322.0,95.63,2135.0,20.0,271.04
100.0,3.0,322.0,93.01,2135.0,50.0,154.24
100.0,3.0,322.0,39.43,3135.0,20.0,140.32
100.0,3.0,322.0,36.68,3135.0,50.0,95.75
100.0,3.0,322.0,71.74,3135.0,20.0,159.55
100.0,3.0,322.0,79.55,3135.0,50.0,102.75
100.0,3.0,322.0,94.56,3135.0,20.0,160.33
100.0,3.0,322.0,90.4,3135.0,50.0,160.8
100.0,5.0,322.0,35.39,2135.0,20.0,270.02
100.0,5.0,322.0,30.54,2135.0,50.0,161.26
100.0,5.0,322.0,70.16,2135.0,20.0,313.55
100.0,5.0,322.0,61.0,2135.0,50.0,183.81
101.6,5.0,320.0,95.43,2135.0,20.0,330.4
101.6,5.0,320.0,81.66,2135.0,50.0,213.46
101.6,5.0,320.0,38.67,3135.0,20.0,212.48
101.6,5.0,320.0,39.56,3135.0,50.0,144.83
101.6,5.0,320.0,71.86,3135.0,20.0,231.35
101.6,5.0,320.0,72.49,3135.0,50.0,153.16
101.6,5.0,320.0,86.39,3135.0,20.0,246.82
101.6,5.0,320.0,96.74,3135.0,50.0,164.95
125.0,5.0,322.0,87.98,3135.0,20.0,474.17
125.0,5.0,322.0,96.97,3135.0,50.0,317.9
125.0,5.0,322.0,107.33,3135.0,20.0,489.47
125.0,5.0,322.0,97.92,3135.0,50.0,322.97
160.1,5.7,322.0,87.38,3135.0,20.0,1012.5
160.1,5.7,322.0,74.75,3135.0,50.0,642.16
160.1,5.7,322.0,83.08,3135.0,20.0,1011.5
160.1,5.7,322.0,98.5,3135.0,50.0,686.21
159.0,6.0,377.0,39.9,2135.0,20.0,851.0
159.0,6.0,377.0,40.1,2135.0,50.0,587.0
159.0,6.0,376.0,75.7,2135.0,50.0,870.0
159.0,6.0,380.0,109.8,2135.0,20.0,1462.0
159.0,6.0,487.0,110.7,2135.0,20.0,1525.0
159.0,6.0,444.0,91.4,2135.0,50.0,1033.0
193.7,8.0,444.0,40.0,3315.0,5.0,1871.0
193.7,8.0,444.0,142.0,3315.0,5.0,2703.0
219.1,16.0,374.0,181.0,3640.0,20.0,4340.0
219.1,16.0,374.0,176.0,3640.0,50.0,3293.0
273.0,10.0,412.0,184.0,4450.0,50.0,5079.0
273.0,16.0,401.0,180.0,4450.0,50.0,5288.0
160.0,5.0,271.0,100.0,2000.0,8.2498526812021,1697.0
160.0,5.0,281.0,100.0,2000.0,15.781922525108,1394.0
160.0,5.0,280.0,100.0,2000.0,23.927392739274,1212.0
160.0,5.0,276.0,100.0,2000.0,32.080659945005,1091.0
160.0,5.0,275.0,100.0,4000.0,8.3073727933541,963.0
160.0,5.0,275.0,100.0,4000.0,16.509433962264,848.0
160.0,5.0,281.0,100.0,4000.0,23.383768913343,727.0
160.0,5.0,280.0,100.0,4000.0,31.578947368421,665.0
324.0,6.4,374.0,100.0,2185.0,170.87011349306,3172.0
324.0,9.5,371.0,104.0,2185.0,288.31775700935,2140.0
324.0,9.5,371.0,104.0,2185.0,154.90654205607,4280.0
324.0,9.5,371.0,40.0,2185.0,207.00152207002,2628.0
324.0,9.5,374.0,40.0,2185.0,179.3953858393,2514.0
324.0,6.4,374.0,70.0,2185.0,214.94542401343,2382.0
139.6,4.0,374.0,62.0,1070.0,24.752475247525,808.0
139.6,4.0,374.0,62.0,1410.0,25.302530253025,909.0
139.6,4.0,374.0,62.0,2125.0,25.602409638554,664.0
139.6,4.0,374.0,62.0,2125.0,25.510204081633,784.0
139.6,4.0,374.0,62.0,3270.0,25.40834845735,551.0
139.6,4.0,374.0,62.0,3270.0,25.341130604288,513.0
139.6,4.0,374.0,62.0,4670.0,24.128686327078,373.0
139.6,4.0,374.0,62.0,4670.0,23.809523809524,378.0
159.0,6.0,394.0,35.1,2000.0,50.615595075239,731.0
159.0,6.0,457.0,35.1,2000.0,50.464807436919,753.0
159.0,6.0,376.0,89.8,2000.0,50.343249427918,874.0
159.0,6.0,461.0,94.2,2000.0,50.321199143469,934.0
159.0,6.0,366.0,122.6,2000.0,49.945711183496,921.0
159.0,6.0,366.0,131.2,2000.0,49.723756906077,905.0
114.0,3.2,413.0,29.0,914.0,24.719101123596,445.0
114.0,3.2,413.0,29.0,914.0,30.0,400.0
114.0,3.2,413.0,29.0,914.0,44.910179640719,334.0
114.0,3.2,413.0,29.0,914.0,45.045045045045,222.0
114.0,3.2,413.0,29.0,914.0,144.14414414414,111.0
152.0,1.5,331.0,26.0,1016.0,17.605633802817,568.0
152.0,1.5,331.0,26.0,1016.0,42.654028436019,422.0
152.0,1.5,331.0,26.0,1016.0,59.440559440559,286.0
152.0,1.5,331.0,21.0,1016.0,117.64705882353,136.0
152.0,1.5,331.0,21.0,1016.0,111.11111111111,135.0
127.0,2.4,289.0,35.0,1067.0,15.845070422535,568.0
127.0,2.4,289.0,35.0,1067.0,24.34456928839,534.0
127.0,2.4,289.0,35.0,1067.0,40.0,400.0
127.0,2.4,289.0,35.0,1067.0,45.584045584046,351.0
127.0,2.4,289.0,35.0,1067.0,40.114613180516,349.0
127.0,2.4,289.0,35.0,1067.0,46.376811594203,345.0
127.0,2.4,289.0,35.0,1067.0,55.555555555556,306.0
127.0,2.4,289.0,35.0,1067.0,67.415730337079,267.0
127.0,2.4,289.0,35.0,1067.0,65.134099616858,261.0
127.0,2.4,289.0,35.0,1067.0,91.428571428571,175.0
127.0,2.4,289.0,35.0,1067.0,179.77528089888,89.0
127.0,2.4,289.0,35.0,1067.0,340.90909090909,44.0
95.0,13.0,274.0,20.0,1420.0,1.0559662090813,947.0
95.0,13.0,272.0,20.0,1420.0,2.1321961620469,938.0
95.0,13.0,272.0,20.0,1420.0,2.2050716648291,907.0
95.0,13.0,274.0,20.0,861.0,1.9646365422397,1018.0
95.0,13.0,272.0,20.0,861.0,1.984126984127,1008.0
95.0,13.0,272.0,20.0,861.0,1.9342359767892,1034.0
95.0,13.0,278.0,20.0,1981.0,4.5146726862302,886.0
95.0,13.0,276.0,20.0,1981.0,2.2050716648291,907.0
95.0,13.0,279.0,20.0,1981.0,2.1810250817884,917.0
95.0,3.7,327.0,25.0,861.0,1.5243902439024,656.0
95.0,3.7,386.0,25.0,861.0,1.4577259475219,686.0
95.0,3.4,335.0,25.0,861.0,1.5243902439024,656.0
95.0,3.9,327.0,25.0,1420.0,1.7636684303351,567.0
95.0,3.9,386.0,25.0,1420.0,1.6501650165017,606.0
95.0,3.6,335.0,25.0,1420.0,1.7361111111111,576.0
95.0,3.8,327.0,25.0,1981.0,3.7313432835821,536.0
95.0,3.8,386.0,25.0,1981.0,1.7667844522968,566.0
95.0,3.5,335.0,25.0,1981.0,2.0491803278689,488.0
216.0,4.1,285.0,23.0,2220.0,2.9325513196481,1023.0
216.0,4.1,299.0,23.0,2220.0,3.2715376226827,1834.0
216.0,4.1,288.0,30.0,2220.0,2.1843599825251,2289.0
216.0,4.1,286.0,30.0,2220.0,4.0196516301921,2239.0
216.0,6.0,389.0,23.0,2220.0,2.8432168968318,2462.0
216.0,6.0,393.0,23.0,2220.0,4.9566294919455,2421.0
216.0,6.5,295.0,30.0,2220.0,2.1398002853067,2804.0
216.0,6.3,404.0,30.0,2220.0,2.0463847203274,2932.0
95.0,3.9,332.0,24.0,1981.0,2.0080321285141,498.0
95.0,3.4,337.0,24.0,1981.0,2.1141649048626,473.0
95.0,3.7,327.0,24.0,1981.0,2.4213075060533,413.0
121.0,3.7,295.0,21.0,1049.0,1.4388489208633,695.0
121.0,3.7,327.0,21.0,1049.0,5.3619302949062,746.0
121.0,3.8,308.0,24.0,1049.0,3.584229390681,837.0
121.0,4.0,327.0,24.0,1049.0,4.6136101499423,867.0
121.0,5.6,344.0,21.0,1049.0,5.0100200400802,998.0
121.0,5.4,343.0,21.0,1049.0,1.9646365422397,1018.0
121.0,5.5,330.0,24.0,1049.0,6.3694267515924,1099.0
121.0,5.6,322.0,24.0,1049.0,4.6339202965709,1079.0
121.0,3.7,295.0,21.0,2311.0,1.5600624024961,641.0
121.0,3.8,327.0,21.0,2311.0,3.1796502384738,629.0
121.0,3.7,308.0,24.0,2311.0,1.4388489208633,695.0
121.0,3.9,327.0,24.0,2311.0,2.6490066225166,755.0
121.0,5.7,344.0,21.0,2311.0,3.8167938931298,786.0
121.0,5.5,343.0,21.0,2311.0,1.2254901960784,816.0
121.0,5.6,330.0,24.0,2311.0,1.1441647597254,874.0
121.0,5.4,322.0,24.0,2311.0,2.3121387283237,865.0
250.0,2.0,240.0,73.0,2202.0,23.059185242121,2602.0
250.0,2.0,240.0,71.0,2202.0,45.954045954046,2002.0
250.0,2.0,240.0,70.0,2202.0,17.901748542881,2402.0
250.0,2.0,240.0,41.0,2202.0,30.017657445556,1699.0
250.0,2.0,240.0,36.0,2202.0,30.023094688222,1299.0
267.0,5.3,244.0,33.0,1300.0,63.063063063063,999.0
267.0,5.3,244.0,33.0,1300.0,61.061061061061,999.0
267.0,5.3,244.0,33.0,1300.0,44.69646430954,1499.0
267.0,5.3,244.0,33.0,1300.0,67.067067067067,999.0
267.0,5.3,244.0,33.0,1300.0,69.069069069069,999.0
267.0,5.3,244.0,44.0,1300.0,46.697798532355,1499.0
267.0,5.3,244.0,44.0,1300.0,74.074074074074,999.0
267.0,4.0,244.0,33.0,1300.0,49.049049049049,999.0
267.0,4.0,244.0,33.0,1300.0,32.688458972648,1499.0
267.0,4.0,244.0,44.0,1300.0,50.05005005005,999.0
267.0,4.0,244.0,44.0,1300.0,32.688458972648,1499.0
